title,year
"Enemy",2013
"Hi, Mom!",1980
"Rescue Dawn",2006
"Dances with Wolves",1990
"Waterworld",1995
"Inside",2023
"Three Billboards Outside Ebbing, Missouri",2017
"The Beach",2000
"Clerks II",2006
"Insidious",2011
"The King of Kong: A Fistful of Quarters",2007
"Ghost Ship",2002
"Sleeping Beauty",1959
"Poltergeist",1982
"Vacation Friends 2",2023
"White Boy Rick",2018
"Invincible",2006
"Gunner",2024
"Triple Frontier",2019
"Fool's Gold",2008
"Frozen",2010
"Meet the Parents",2000
"Pearl",2022
"Murder on the Orient Express",2017
"Nobody",2021
"The Revenant",2015
"Furiosa: A Mad Max Saga",2024
"A Quiet Place: Day One",2024
"Lost Highway",1997
"Blink Twice",2024
"Demolition",2016
"A Different Man",2024
"10 Things I Hate About You",1999
"Trap",2024
"Crazy, Stupid, Love.",2011
"Twilight of the Warriors: Walled In",2024
"Patriot Games",1992
"Reptile",2023
"Barbarian",2022
"X",2022
"We Live in Time",2024
"Guy Ritchie's the Covenant",2023
"Zero Dark Thirty",2012
"Notting Hill",1999
"Logan Lucky",2017
"Strange Darling",2024
"Hostiles",2017
"Side Effects",2013
"A Real Pain",2024
"Kill 'Em All",2017
"Matewan",1987
"Heretic",2024
"The Gambler",1975
"Green Zone",2010
"Late Night with the Devil",2024
"Wrath of Man",2021
"Riders of Justice",2020
"Ricky Stanicky",2024
"The Order",2024
"Nosferatu",2024
"Away",2019
"Cuckoo",2024
"The Wild Robot",2024
"Judas and the Black Messiah",2021
"Anora",2024
"The Grinch",2018
"The Big Red One",1980
"Red One",2024
"Carry-On",2024
"Armor",2024
"Absolution",2024
"The Substance",2024
"Between the Temples",2024
"Alien: Romulus",2024
"The Ministry of Ungentlemanly Warfare",2024
"In the Land of Saints and Sinners",2023
"Boy Kills World",2024
"The Way Back",2020
"The Accountant",2016
"M3GAN",2022
"Abigail",2024
"Kingdom of the Planet of the Apes",2024
"Shooter",2007
"Jackpot!",2024
"Daddy Day Care",2003
"A Serious Man",2009
"Sicario: Day of the Soldado",2018
"Margin Call",2011
"Get Out",2017
"Big Trouble in Little China",1986
"Bram Stoker's Dracula",1992
"Five Nights at Freddy's",2023
"Scream VI",2023
"Ghostbusters II",1989
"Alien Resurrection",1997
"Unbreakable",2000
"Swingers",1996
"A Quiet Place Part II",2021
"The Forever Purge",2021
"The First Purge",2018
"The Purge: Election Year",2016
"The Purge: Anarchy",2014
"The Family Plan",2023
"MaXXXine",2024
"Ezra",2024
"The Instigators",2024
"Monkey Man",2024
"Dune: Part Two",2024
"Perfect Days",2023
"Road House",2024
"Love Lies Bleeding",2024
"Daddio",2024
"Thelma",2024
"10 Cloverfield Lane",2016
"Bad Boys: Ride or Die",2024
"Fences",2016
"Longlegs",2024
"Hit Man",2023
"Beverly Hills Cop: Axel F",2024
"The Bikeriders",2024
"Glass",2019
"The Godfather Part II",1974
"Leave the World Behind",2023
"A League of Their Own",1992
"Bad Boys for Life",2020
"Tequila Sunrise",1988
"The Man from Toronto",2022
"The Man Without a Face",1993
"French Connection II",1975
"Under Fire",1983
"A Bridge Too Far",1977
"Civil War",2024
"Captain Corelli's Mandolin",2001
"Lessons of Darkness",2002
"Street Kings",2008
"Revolution",1985
"La Soufrière",1978
"8 Heads in a Duffel Bag",1997
"Three Amigos!",1986
"The King of Marvin Gardens",1972
"The Suburbans",1999
"Fall Time",1995
"State of Grace",1990
"Money Talks",1997
"The Fall Guy",2024
"Don Verdean",2015
"Phoenix",1998
"Hannibal",2001
"Even Money",2007
"The People vs. Larry Flynt",1996
"About Last Night",2014
"Death at a Funeral",2010
"Scary Movie 3",2003
"Ride Along 2",2016
"Ride Along",2014
"Get Hard",2015
"The Ninth Gate",1999
"Paper Soldiers",2002
"State and Main",2000
"Owning Mahowny",2003
"Showtime",2002
"The Edge of Seventeen",2016
"The Island",2005
"Self Reliance",2024
"Poor Things",2023
"Napoleon",2023
"Broken City",2013
"3000 Miles to Graceland",2001
"Filth",2013
"Violent City",1970
"Farewell, Friend",1968
"Death Hunt",1981
"Free State of Jones",2016
"The Hurt Locker",2008
"Midsommar",2019
"Midnight in the Switchgrass",2021
"The Ghost and the Darkness",1996
"Predestination",2014
"The Retirement Plan",2023
"Polite Society",2023
"The Godfather",1972
"Beau Is Afraid",2023
"Upgrade",2018
"The Rundown",2003
"Third Person",2014
"See How They Run",2022
"She's the Man",2006
"Bringing Down the House",2003
"Central Intelligence",2016
"Father of the Bride",1991
"It's Complicated",2009
"Cops and Robbersons",1994
"Dirty Rotten Scoundrels",1988
"Something's Gotta Give",2003
"Jack Reacher: Never Go Back",2016
"Once Upon a Time... in Hollywood",2019
"Palm Springs",2020
"All About Steve",2009
"Sideways",2004
"Monsters",2010
"The Creator",2023
"The Equalizer 3",2023
"Bridget Jones's Diary",2001
"Cisco Pike",1972
"Bubble Boy",2001
"The King's Speech",2010
"The Big Sick",2017
"Manhattan",1979
"The Cabinet of Dr. Caligari",1920
"Delicatessen",1991
"Rosemary's Baby",1968
"Harold and Maude",1971
"The Beaver",2011
"The Holdovers",2023
"Champions",2023
"Payback",1999
"The Out-Laws",2023
"Dream Scenario",2023
"Bring It On",2000
"While You Were Sleeping",1995
"Ransom",1996
"Mothra",1961
"The Meg",2018
"Taken 3",2015
"Luther: The Fallen Sun",2023
"Hacksaw Ridge",2016
"Troll",2022
"Blended",2014
"ThanksKilling",2009
"Love Hard",2021
"Jack Frost",1997
"Dutch",1991
"A Madea Christmas",2013
"Happiest Season",2020
"Scrooge: A Christmas Carol",2022
"Bad Santa 2",2016
"The Road to El Dorado",2000
"Hanna",2011
"Homeward Bound: The Incredible Journey",1993
"No Time to Die",2021
"Eastern Promises",2007
"Deck the Halls",2006
"Eight Crazy Nights",2002
"Fred Claus",2007
"Prometheus",2012
"Family Switch",2023
"No Hard Feelings",2023
"Bad Santa",2003
"Indiana Jones and the Dial of Destiny",2023
"Asteroid City",2023
"Violent Night",2022
"A View to a Kill",1985
"Young Guns",1988
"Barbie",2023
"Scrooged",1988
"Candy Cane Lane",2023
"Trapped in Paradise",1994
"Forbidden Planet",1956
"Hobo with a Shotgun",2011
"Uncle Buck",1989
"A Bad Moms Christmas",2017
"Bad Moms",2016
"Almost Christmas",2016
"Mr. Monk's Last Case: A Monk Movie",2023
"Detective Knight: Redemption",2022
"The Family Stone",2005
"Home for the Holidays",1995
"Friendsgiving",2020
"The French Connection",1971
"Dashing Through the Snow",2023
"Black Friday",2021
"Genie",2023
"Unforgiven",1992
"The Killer",2023
"The Nice Guys",2016
"Tiptoes",2004
"Theater Camp",2023
"The Wonderful Story of Henry Sugar",2023
"Freaky",2020
"Quiz Lady",2023
"So I Married an Axe Murderer",1993
"Dead Snow",2009
"Cooties",2014
"A Haunting in Venice",2023
"Moon",2009
"Gasoline Alley",2022
"Book Club: The Next Chapter",2023
"Free Guy",2021
"Past Lives",2023
"Jumanji: The Next Level",2019
"Secret Window",2004
"Chaos Theory",2007
"Small Time Crooks",2000
"Just Friends",2005
"Shamus",1973
"21 Jump Street",2012
"A Haunted House",2013
"Under Suspicion",1991
"Cocaine Bear",2023
"Invasion of Astro-Monster",1965
"White Chicks",2004
"You Are So Not Invited to My Bat Mitzvah",2023
"Delivery Man",2013
"Hitman's Wife's Bodyguard",2021
"The Hitman's Bodyguard",2017
"Desierto",2016
"Cassandra's Dream",2007
"A Time to Kill",1996
"The Proposal",2008
"Bird Box",2018
"Death Wish 3",1985
"Death Wish II",1982
"Death Wish",1974
"Speed 2: Cruise Control",1997
"Edge of Tomorrow",2014
"A Few Good Men",1992
"Magic Mike",2012
"Cocktail",1988
"Mission: Impossible - Dead Reckoning Part One",2023
"Mothra vs. Godzilla",1964
"Ghidorah, the Three-Headed Monster",1964
"Max Payne",2008
"The Emperor's New Clothes",2015
"Get Him to the Greek",2010
"Kickboxer: Vengeance",2016
"Kickboxer: Retaliation",2018
"Welcome to the Jungle",2014
"Legionnaire",1998
"Born on the Fourth of July",1989
"Child's Play",1988
"Blown Away",1994
"The Equalizer 2",2018
"The Equalizer",2014
"Non-Stop",2014
"Avatar: The Way of Water",2022
"Bohemian Rhapsody",2018
"Flamin' Hot",2023
"Turbo Charged Prelude to 2 Fast 2 Furious",2003
"F9: The Fast Saga",2021
"Fast X",2023
"Fast & Furious Presents: Hobbs & Shaw",2019
"Fast & Furious 6",2013
"Fast Five",2011
"The Old Way",2023
"Captain Ron",1992
"The Ladykillers",2004
"2 Fast 2 Furious",2003
"The Fast and the Furious: Tokyo Drift",2006
"Meeting Evil",2012
"Bad Company",2002
"Slash/Back",2022
"Party Girl",1995
"The Fast and the Furious",2001
"Fast & Furious",2009
"The Specialist",1994
"Shortcut to Happiness",2007
"Paradise",2013
"The Indian Runner",1991
"Stuck on You",2003
"Colors",1988
"Still Waiting...",2009
"Balls of Fury",2007
"Hoosiers",1986
"I Spy",2002
"Winter Passing",2006
"Moneyball",2011
"Almost Famous",2000
"At Close Range",1986
"Pacific Rim",2013
"Enter the Void",2009
"Anything Else",2003
"48 Hrs.",1982
"Shrink",2009
"Renfield",2023
"A Case of You",2013
"Fearless",1993
"The Ex",2007
"Killing Them Softly",2012
"Keeping Up with the Joneses",2016
"Heist",2015
"Spy Game",2001
"Blue Streak",1999
"Event Horizon",1997
"Land of the Lost",2009
"The Forbidden Kingdom",2008
"John Wick: Chapter 4",2023
"Mississippi Burning",1988
"Nightcrawler",2014
"Grown Ups",2010
"The Fifth Element",1997
"Phenomenon",1996
"Fugly!",2014
"The Jackal",1997
"No Sudden Move",2021
"Steel Dawn",1988
"Rising Sun",1993
"This Is the End",2013
"The Fan",1996
"The Prince of Pennsylvania",1990
"Knock at the Cabin",2023
"Puss in Boots: The Last Wish",2022
"Basket Case",1982
"Lower Learning",2008
"Leprechaun 4: In Space",1997
"Last Chance Harvey",2008
"The Boss",2016
"Five Minutes of Heaven",2009
"Rampart",2012
"Guillermo del Toro's Pinocchio",2022
"G.I. Jane",1997
"Triangle of Sadness",2022
"The Devil's Advocate",1997
"88 Minutes",2007
"Scorpion Spring",2021
"The Beach Bum",2019
"Dazed and Confused",1993
"We're the Millers",2013
"The Client",1994
"Road House",1989
"Traffic",2001
"Much Ado About Nothing",1993
"Head Above Water",1996
"28 Days",2000
"Lost in London",2017
"Scorched",2003
"The World's Fastest Indian",2005
"I Want to Marry Ryan Banks",2004
"Criminal",2004
"The Promotion",2008
"Mad City",1997
"Hearts in Atlantis",2001
"Crazy Rich Asians",2018
"Along Came Polly",2004
"The Ides of March",2011
"Runaway Jury",2003
"The Voices",2014
"Shallow Grave",1994
"Super Fly",1972
"In the Mouth of Madness",1995
"Blow",2001
"The Code",2009
"Red Scorpion",1988
"Tár",2022
"Bad Words",2013
"You People",2023
"The Minus Man",1999
"The Man",2005
"American Pie Presents: The Naked Mile",2006
"Gardens of Stone",1987
"Father Stu",2022
"Stacy's Knights",1983
"My Old School",2022
"Lions for Lambs",2007
"Trading Places",1983
"No Man's Land",1987
"Fracture",2007
"Get Shorty",1995
"Election",1999
"Spy Kids 3: Game Over",2003
"Holmes & Watson",2018
"Anchorman 2: The Legend Continues",2013
"Pickled",2022
"The Polka King",2018
"The Whale",2022
"Labyrinth",1986
"Phantom Thread",2017
"Liar Liar",1997
"Bottle Rocket",1996
"Ghostbusters",1984
"Small Soldiers",1998
"New Jack City",1991
"Hook",1991
"The Man Who Invented Christmas",2017
"The Open Road",2009
"Hot Shots!",1991
"Strange Days",1995
"Everything Must Go",2011
"Black Caesar",1973
"Across 110th Street",1973
"Idiocracy",2006
"The Big Bounce",2004
"Little Nicky",2000
"River's Edge",1987
"The Menu",2022
"The Whole Truth",2016
"Fire on the Amazon",2000
"Easy Rider",1969
"Daddy's Home",2015
"Daddy's Home 2",2017
"How to Lose a Guy in 10 Days",2003
"Last Holiday",2006
"The Santa Clause 2",2002
"Ernest Saves Christmas",1988
"Santa Claus",1985
"A Christmas Carol",1971
"Scrooge",1970
"Black Christmas",2006
"The Muppet Christmas Carol",1992
"The Banshees of Inisherin",2022
"Ghost Dog: The Way of the Samurai",1999
"Undercover Grandpa",2017
"Glass Onion: A Knives Out Mystery",2022
"Starsky & Hutch",2004
"The Watch",2012
"Cloudy with a Chance of Meatballs",2009
"Gone Girl",2014
"Bringing Out the Dead",1999
"The Foreigner",2017
"Dirty Harry",1971
"Escape from L.A.",1996
"Mandy",2018
"Benny & Joon",1993
"Married to the Mob",1988
"The Way Back",2010
"Tokyo Godfathers",2003
"Kiss Kiss Bang Bang",2005
"The Deal",2008
"Love Liza",2002
"It Runs in the Family",2003
"Summertree",1972
"It's My Turn",1981
"The Replacements",2000
"A Christmas Story Christmas",2022
"The Big Town",1987
"Blue Sky",1994
"The Humbling",2015
"The Matrix Resurrections",2021
"The Last Time I Committed Suicide",1997
"Don't Say a Word",2001
"Lucky",2017
"Cool Hand Luke",1967
"Family Business",1989
"The Bounty",1984
"Widows",2018
"S.W.A.T.",2003
"12 Angry Men",1957
"A Christmas Carol",1984
"The Job",2003
"Red Dawn",1984
"Hot Seat",2022
"I Am Santa Claus",2014
"Hart's War",2002
"Hangman",2017
"Gold",2016
"The Pledge",2001
"Grudge Match",2013
"Bullet Train",2022
"The Gentlemen",2020
"Ghosts of Girlfriends Past",2009
"Big",1988
"Gonzo",2008
"Sausage Party",2016
"Apocalypse Now",1979
"Accepted",2006
"Drag Me to Hell",2009
"The Devil's Rejects",2005
"House of 1000 Corpses",2003
"The Package",1989
"Baahubali 2: The Conclusion",2017
"Baahubali: The Beginning",2015
"RRR",2022
"Sukiyaki Western Django",2007
"The Gift",2000
"We Are Marshall",2006
"Women on the Verge of a Nervous Breakdown",1988
"Boo! A Madea Halloween",2016
"Häxan",1922
"Charlie Wilson's War",2007
"Oblivion",2013
"Everything Everywhere All at Once",2022
"Ambulance",2022
"Nope",2022
"After Yang",2022
"Halloween",2007
"Halloween Ends",2022
"Halloween Kills",2021
"The Lost City",2022
"American Made",2017
"The Lighthouse",2019
"Memory",2022
"Ray",2004
"Last Looks",2021
"Top Gun: Maverick",2022
"Hereditary",2018
"Big Fish",2003
"The Foot Fist Way",2008
"The Mummy",2017
"Stone",1974
"The Frighteners",1996
"Bad Taste",1987
"Meet the Feebles",1995
"Halloween",2018
"The Witch",2015
"The Serpent and the Rainbow",1988
"The Descent",2005
"Dolls",1987
"The Blair Witch Project",1999
"Alligator",1980
"Overboard",1987
"The Best of Times",1986
"Reign of Fire",2002
"Thor: Love and Thunder",2022
"Mulan",2020
"Psycho II",1983
"Jurassic World Dominion",2022
"Red Eye",2005
"Collateral Damage",2002
"Aliens vs. Predator: Requiem",2007
"Alien: Covenant",2017
"I, Tonya",2017
"Manglehorn",2015
"Paterno",2018
"Shanghai Surprise",1986
"Stanley & Iris",1990
"The Brotherhood of Justice",1986
"Cannonball!",1976
"Clue",1985
"Day Shift",2022
"Paddington 2",2017
"Flawless",1999
"Night Moves",1975
"Road Games",1981
"Taxi",2004
"He Was a Quiet Man",2007
"Gloria",1980
"Contact",1997
"The Impossible Kid",1982
"The Search for Weng Weng",2007
"Predators",2010
"The Boys Next Door",1985
"Michael Clayton",2007
"Lamb",2021
"The Wendell Baker Story",2005
"The Whole Ten Yards",2004
"Highway Patrolman",1991
"Les Misérables",1998
"Break Point",2015
"Whiplash",2014
"Ex Machina",2015
"Alien vs. Predator",2004
"Predator 2",1990
"Prey",2022
"Ronin",1998
"Employee of the Month",2006
"Groundhog Day",1993
"Role Models",2008
"Demoted",2012
"Baby Driver",2017
"Shaun of the Dead",2004
"The Company Men",2011
"Primer",2004
"Hall Pass",2011
"All Nighter",2017
"Just Getting Started",2017
"Just Add Water",2008
"Surfer, Dude",2008
"Black Mass",2015
"In the Electric Mist",2009
"Burnt",2015
"Out of Sight",1998
"Bernie",2012
"The Paperboy",2012
"Mud",2013
"Ugetsu",1953
"City by the Sea",2002
"The Son of No One",2011
"Southern Comfort",1981
"A Perfect Day",2015
"Stone",2010
"God's Pocket",2014
"Get Carter",2000
"The Invitation",2016
"Panic",2000
"Parker",2013
"The Hunting Party",2007
"The Hangover Part III",2013
"Come and Find Me",2016
"Henry's Crime",2011
"Misconduct",2016
"Glengarry Glen Ross",1992
"The Forger",2015
"Two for the Money",2005
"A Fish Called Wanda",1988
"Leprechaun 3",1995
"Last Night in Soho",2021
"The Rainmaker",1997
"The Bob's Burgers Movie",2022
"Blackway",2016
"Before the Devil Knows You're Dead",2007
"Comedy Central Roast of Bruce Willis",2018
"Bowfinger",1999
"Sicario",2015
"Sonny",2002
"Beyond the Reach",2015
"Michael Collins",1996
"The Good Neighbor",2016
"Set It Off",1996
"Braven",2018
"Smokin' Aces",2007
"Killer Joe",2012
"Over the Top",1987
"Uncle Sam",1996
"Friday the 13th: Part 3",1982
"Logan's Run",1976
"3:10 to Yuma",1957
"Cape Fear",1991
"King of California",2007
"Hard Times",1975
"The Hunted",2003
"U.S. Marshals",1998
"Viva Las Vegas",1964
"The Conversation",1974
"Boiling Point",2021
"Red Beard",1965
"Unstoppable",2004
"The Tourist",2010
"Heathers",1989
"Drive",1997
"Fools Rush In",1997
"The Birdcage",1996
"Murphy's Law",1986
"White Lightning",1973
"10 to Midnight",1983
"The Northman",2022
"Hustle",2022
"Airheads",1994
"A History of Violence",2005
"Kes",1970
"Insomnia",2002
"Little Dieter Needs to Fly",1998
"Valkyrie",2008
"War of the Worlds",2005
"Hot Fuzz",2007
"Perfect Stranger",2007
"Cop Out",2010
"Once Upon a Time in Venice",2017
"16 Blocks",2006
"Fallen Angels",1995
"Chungking Express",1994
"Sightseers",2012
"Deadfall",1993
"Assassination Games",2011
"Solitary Man",2010
"Devil in a Blue Dress",1995
"Blind Date",1987
"China Moon",1994
"Green Room",2016
"Shanghai Knights",2003
"Legend of the Fist: The Return of Chen Zhen",2010
"Roxanne",1987
"Christmas Carol: The Movie",2001
"Zandalee",1991
"The Cotton Club",1984
"Poseidon",2006
"Armed and Dangerous",1986
"The Street Fighter",1974
"Rambo III",1988
"Rambo: First Blood Part II",1985
"Avenging Angelo",2002
"Donnie Brasco",1997
"Serpico",1973
"Fallen",1998
"The Little Things",2021
"Soylent Green",1973
"Daylight",1996
"Hancock",2008
"Horrible Bosses",2011
"Rumble Fish",1983
"The Mighty Quinn",1989
"Friday the 13th Part 2",1981
"Fast Company",1979
"Out of Time",2003
"Innerspace",1987
"Memoirs of an Invisible Man",1992
"The Siege",1998
"Planet Terror",2007
"Happy People: A Year in the Taiga",2012
"Stroszek",1977
"Werner Herzog Eats His Shoe",1980
"Sleepers",1996
"15 Minutes",2001
"The Killing Fields",1984
"The Lobster",2015
"Raiders of the Lost Art",2008
"Blue Velvet",1986
"Edge of Darkness",2010
"Force of Nature",2020
"The Croods",2013
"Public Enemies",2009
"Assassins",1995
"Sasquatch, the Legend of Bigfoot",1976
"The Hit",1984
"La Femme Nikita",1990
"The Adventures of Priscilla, Queen of the Desert",1994
"Branded to Kill",1967
"Swelter",2014
"Nowhere to Run",1993
"Conspiracy Theory",1997
"Kung Fu Panda 3",2016
"The Rum Diary",2011
"Cleopatra Jones",1973
"Let the Bullets Fly",2010
"The Family Man",2000
"The Unbearable Weight of Massive Talent",2022
"Crouching Tiger, Hidden Dragon",2000
"Birdman or (The Unexpected Virtue of Ignorance)",2014
"Birdy",1984
"Fire Birds",1990
"Night of the Comet",1984
"Floating Weeds",1959
"Looking Glass",2018
"Left Behind",2014
"Kiss of Death",1995
"Shoplifters",2018
"Mom and Dad",2018
"Color Out of Space",2020
"Biutiful",2010
"Dying of the Light",2014
"Between Worlds",2018
"Inglourious Basterds",2009
"The Big Short",2015
"Jojo Rabbit",2019
"Licorice Pizza",2021
"Wolf Guy",1975
"Attack Force Z",1982
"Honeymoon in Vegas",1992
"Inferno",1999
"The Color of Money",1986
"Amos & Andrew",1993
"USS Indianapolis: Men of Courage",2016
"World Trade Center",2006
"Outcast",2014
"Black Rain",1989
"The Whole Nine Yards",2000
"Runaway Train",1986
"Bad Country",2022
"Purple Rain",1984
"Limitless",2011
"Space Jam: A New Legacy",2021
"Good Will Hunting",1997
"The Power of the Dog",2021
"Encino Man",1992
"Wall Street",1987
"Scream",2022
"Jackass Forever",2022
"The Sentinel",2006
"The Boondock Saints",1999
"Heist",2001
"A Walk Among the Tombstones",2014
"Marauders",2016
"Eye of the Tiger",1986
"Heat",1986
"Drop Zone",1994
"Clearcut",1992
"Backdraft",1991
"Siberia",2018
"Evan Almighty",2007
"Chaos",2005
"Coming 2 America",2021
"White Men Can't Jump",1992
"Dune: Part One",2021
"It Could Happen to You",1994
"Don't Kill It",2017
"Vanilla Sky",2001
"The Marksman",2021
"The Lost Boys",1987
"The Incredible Burt Wonderstone",2013
"Striking Distance",1993
"The Art of War",2000
"Peggy Sue Got Married",1986
"Killing Season",2013
"Grand Isle",2020
"Guarding Tess",1994
"The Mean Season",1985
"The Firm",1993
"Top Gun",1986
"The Christmas Chronicles: Part Two",2020
"Death Proof",2007
"The Thing",1982
"A Most Wanted Man",2014
"Jack Reacher",2012
"Dark Star",1975
"Ghosts of Mars",2001
"211",2018
"8MM",1999
"Trespass",2011
"Red Rock West",1993
"Tangerine",2015
"Winter on Fire: Ukraine's Fight for Freedom",2015
"Surrogates",2009
"Titane",2021
"Lake Placid",1999
"Nightmare Alley",2021
"Bullitt",1968
"Passenger 57",1992
"The Humanity Bureau",2017
"Knightriders",1981
"A Score to Settle",2019
"Compañeros",1970
"Inconceivable",2017
"Dog Eat Dog",2016
"Pay the Ghost",2015
"The Other Guys",2010
"Astro Boy",2009
"Courage Under Fire",1996
"Sense and Sensibility",1995
"Ricochet",1991
"The Victim",1980
"Dead End Drive-In",1986
"The King of Comedy",1982
"Wild at Heart",1990
"First Blood",1982
"Drive Angry",2011
"The Million Dollar Hotel",2000
"A Perfect Murder",1998
"Hostage",2005
"The Bodyguard",2004
"Knight and Day",2010
"Rage",2014
"Running with the Devil",2019
"Knowing",2009
"The Pacifier",2005
"Drunken Angel",1948
"Lone Wolf and Cub: Baby Cart to Hades",1972
"Lone Wolf and Cub: Baby Cart in the Land of Demons",1973
"Miami Vice",2006
"Wake of Death",2005
"Fireworks",1997
"Beyond Outrage",2012
"Outrage Coda",2017
"Outrage",2010
"Boiling Point",1990
"Vengeance: A Love Story",2017
"Seeking Justice",2011
"Tim",1979
"Dark Angel",1990
"Fatal Attraction",1987
"Drunken Tai Chi",1984
"Dragon",2011
"Ip Man 4: The Finale",2019
"Ip Man 3",2015
"Friday Foster",1977
"Snow Day",2000
"Action Jackson",1988
"The Score",2001
"John Q",2002
"Transporter 2",2005
"Executive Decision",1996
"Cop Land",1997
"Escape Plan",2013
"The Longest Yard",2005
"Dragged Across Concrete",2019
"Maverick",1994
"10,000 BC",2008
"A Wrinkle in Time",2018
"The Campaign",2012
"Alvin and the Chipmunks",2007
"Charlotte's Web",2006
"Semi-Pro",2008
"The Karate Kid Part III",1989
"The Karate Kid Part II",1986
"Kindergarten Cop",1990
"Behind Enemy Lines",2001
"The Golden Compass",2007
"Paranormal Activity",2009
"Just Go with It",2011
"Dark Blue",2003
"Thief",1981
"Broken Arrow",1996
"City on Fire",1987
"A Better Tomorrow II",1987
"Close-Up",1991
"A Better Tomorrow",1986
"The Great Silence",1969
"A Bullet for the General",1967
"My Best Fiend",1999
"Woyzeck",1979
"Five Fingers of Death",1972
"2 Guns",2013
"Clear and Present Danger",1994
"Shaft",1971
"Halloweentown",1998
"Jack Frost",1979
"John Tucker Must Die",2006
"Vegas Vacation",1997
"Dinner for Schmucks",2010
"The Little Rascals",1994
"The Men Who Stare at Goats",2009
"Funny Games",2008
"Cliffhanger",1993
"Crocodile Dundee",1986
"Napoleon Dynamite",2004
"Days of Thunder",1990
"National Lampoon's European Vacation",1985
"Identity Thief",2013
"Deadwood: The Movie",2019
"Hearts and Minds",1975
"Pather Panchali",1955
"Blades of Glory",2007
"Get Smart",2008
"The Return of the Living Dead",1985
"Zombieland",2009
"300",2007
"The Next Three Days",2010
"Schindler's List",1993
"Submarine",2011
"The Purge",2013
"Four Christmases",2008
"The Waterboy",1998
"Witness",1985
"A Boy Called Christmas",2021
"Swiss Army Man",2016
"The Patriot",2000
"The Holiday",2006
"Enemy of the State",1998
"The Bone Collector",1999
"The Aristocats",1970
"Shrek the Third",2007
"Jingle All the Way",1996
"Spaceballs",1987
"The Italian Job",2003
"Carlito's Way",1993
"Lost in Translation",2003
"The Russian Specialist",2006
"The Stunt Man",1980
"The Mystery of Chess Boxing",1979
"Knock Off",1998
"Replicant",2001
"Cyborg",1989
"In Search of the Last Action Heroes",2020
"Death Warrant",1990
"In Hell",2003
"Kickboxer",1989
"Bloodsport",1988
"A Good Day to Die Hard",2013
"RED",2010
"Miracle",2004
"Looper",2012
"The Hunt",2012
"The Recruit",2003
"Spies Like Us",1985
"Good Guys Wear Black",1979
"Shanghai Noon",2000
"Snake in the Eagle's Shadow",1978
"Breakout",1975
"Eyes Wide Shut",1999
"Malone",1987
"Chato's Land",1972
"Breakheart Pass",1975
"Scarface",1983
"Black Christmas",1974
"Heat",1995
"Frosty the Snowman",1969
"Rudolph the Red-Nosed Reindeer",1964
"One Magic Christmas",1985
"Rodan",1956
"Matchstick Men",2003
"Ocean's Eight",2018
"Caddyshack",1980
"Hitch",2005
"Wedding Crashers",2005
"The Bourne Legacy",2012
"The Hobbit: The Desolation of Smaug",2013
"The Hobbit: An Unexpected Journey",2012
"Live Free or Die Hard",2007
"Interview with the Vampire",1994
"Oldboy",2003
"The Grand Budapest Hotel",2014
"Braveheart",1995
"Knives Out",2019
"The Martian",2015
"Spider-Man",2002
"The Christmas Chronicles",2018
"Hedgehog in the Fog",1975
"Olive, the Other Reindeer",1999
"The Hebrew Hammer",2004
"Better Watch Out",2017
"Silent Rage",1982
"Zathura: A Space Adventure",2005
"Anchorman: The Legend of Ron Burgundy",2004
"Carrie",1976
"A Merry Friggin' Christmas",2014
"Silent Night, Deadly Night",1984
"Memories of Murder",2003
"Ma Rainey's Black Bottom",2020
"Barton Fink",1991
"Vivre sa vie",1962
"Stuart Little",1999
"What a Girl Wants",2003
"Cedar Rapids",2011
"The Ref",1994
"Deadly Games",1990
"Van Wilder",2002
"Harold & Kumar Escape from Guantanamo Bay",2008
"8-Bit Christmas",2021
"Get Santa",2014
"Breakdown",1997
"Alphaville",1965
"All's Well",1972
"Hard Boiled",1992
"Forrest Gump",1994
"Beethoven",1992
"Yes Virginia, There Is a Santa Claus",1991
"Corpse Bride",2005
"Inherent Vice",2014
"Hitman's Run",1999
"Miracle on 34th Street",1994
"Jack Frost",1998
"Invasion U.S.A.",1985
"Stray Dog",1949
"Interstellar",2014
"Black Dynamite",2009
"Emmet Otter's Jug-Band Christmas",1977
"Fatman",2020
"The Mechanic",1972
"The Wolf of Wall Street",2013
"Jumanji: Welcome to the Jungle",2017
"Juno",2007
"The Royal Tenenbaums",2001
"Jurassic World",2015
"O Brother, Where Art Thou?",2000
"American Psycho",2000
"We Need to Talk About Kevin",2011
"Dallas Buyers Club",2013
"Blade Runner 2049",2017
"Mystic River",2003
"Old School",2003
"Son in Law",1993
"The Station Agent",2003
"Pieces of April",2003
"Eating Raoul",1982
"The Hurricane",1999
"American Graffiti",1973
"The French Dispatch",2021
"Malcolm X",1992
"Brazil",1985
"Police Story 2",1988
"National Lampoon's Animal House",1978
"The Santa Clause",1994
"Beverly Hills Cop II",1987
"Beverly Hills Cop III",1994
"Blade: Trinity",2004
"Spy Kids 2: Island of Lost Dreams",2002
"Salt",2010
"The Transporter",2002
"Billy Elliot",2000
"Beverly Hills Ninja",1997
"Seven",1995
"Phone Booth",2002
"The Deer Hunter",1979
"Full Metal Jacket",1987
"Happy Gilmore",1996
"Con Air",1997
"Unstoppable",2010
"The Hunt for Red October",1990
"The Fly",1986
"The Rocky Horror Picture Show",1975
"Pride & Prejudice",2005
"The Bourne Supremacy",2004
"Blood Diamond",2006
"Dead Poets Society",1989
"Children of Men",2006
"The Bourne Identity",2002
"12 Monkeys",1995
"A Clockwork Orange",1972
"My Cousin Vinny",1992
"Casino",1995
"Naked Lunch",1991
"Alien³",1992
"The Devil's Backbone",2001
"Cronos",1993
"Willy Wonka & the Chocolate Factory",1971
"Season of the Witch",2011
"Anaconda",1997
"Scream 3",2000
"American Ultra",2015
"Tales from the Crypt",1972
"Edward Scissorhands",1990
"Bubba Ho-Tep",2003
"Phantasm",1979
"House",1986
"The Ring",2002
"Children of the Corn",1984
"Next",2007
"The Happiness of the Katakuris",2002
"The Changeling",1980
"Evel Knievel",2004
"Machete Kills",2013
"Blood Father",2016
"What Women Want",2000
"101 Dalmatians",1996
"Roman J. Israel, Esq.",2017
"Antwone Fisher",2002
"Barking Dogs Never Bite",2000
"The Hunger",1983
"Hellraiser",1987
"Dead Ringers",1988
"Bone Tomahawk",2015
"He Got Game",1998
"Dracula A.D. 1972",1972
"Scream 2",1997
"Halloween II",1981
"Horror of Dracula",1958
"The Mummy",1959
"The Wicker Man",1973
"Multiple Maniacs",2022
"Jackass 2.5",2007
"Critters",1986
"Cujo",1983
"The Last House on the Left",1972
"The Hills Have Eyes",1977
"Don't Torture a Duckling",1972
"Still Smokin",1983
"Honest Thief",2020
"The Chronicles of Narnia: Prince Caspian",2008
"Half Baked",1998
"Spy Kids",2001
"Timecop",1994
"The Day the Earth Stood Still",2008
"Licence to Kill",1989
"From Russia with Love",1963
"21",2008
"The Indian in the Cupboard",1995
"First Knight",1995
"Clifford",1994
"Stranger Than Paradise",1984
"Permanent Vacation",1984
"The Animatrix",2003
"Coming to America",1988
"X-Men: The Last Stand",2006
"Mr. & Mrs. Smith",2005
"The Great Escape",1963
"Dr. No",1962
"Quantum of Solace",2008
"Goldfinger",1964
"Gone with the Wind",1940
"The Little Mermaid",1989
"Back to the Future Part III",1990
"Pirates of the Caribbean: Dead Man's Chest",2006
"Sherlock Holmes",2009
"What We Do in the Shadows",2014
"Images",1972
"Class of 1984",1982
"Rabid",1977
"How the Grinch Stole Christmas!",1966
"Christmas with the Kranks",2004
"A Very Harold & Kumar Christmas",2011
"A Christmas Carol",2009
"How the Grinch Stole Christmas",2000
"Krampus",2015
"Rare Exports",2010
"Friday the 13th",1980
"A Nightmare on Elm Street",1984
"A Bay of Blood",1971
"The Texas Chain Saw Massacre",1974
"Vampire in Brooklyn",1995
"Body Bags",1993
"Christine",1983
"Class of 1999",1990
"Pet Sematary",1989
"The Omen",1976
"The Crow",1994
"Sin City",2005
"The Last Boy Scout",1991
"The Taking of Pelham 123",2009
"Flight",2012
"The People Under the Stairs",1991
"Outbreak",1995
"An Autumn Afternoon",1962
"The Cars That Ate Paris",1974
"Johnny Mnemonic",1995
"The Book of Eli",2010
"Deliverance",1972
"Moonrise Kingdom",2012
"Raiders of the Lost Ark",1981
"Kill Bill: Vol. 1",2003
"Kill Bill: Vol. 2",2004
"Kingpin",1996
"Super Size Me",2004
"Sophie's Choice",1982
"Austin Powers in Goldmember",2002
"Osaka Elegy",1936
"The Fox and the Hound",1981
"The Princess Diaries",2001
"The Outsiders",1983
"Harold & Kumar Go to White Castle",2004
"Indiana Jones and the Kingdom of the Crystal Skull",2008
"A Knight's Tale",2001
"Rambo",2008
"Rudy",1993
"Basic Instinct",1992
"Robin Hood",1973
"The Bucket List",2007
"The Life Aquatic with Steve Zissou",2004
"Step Brothers",2008
"La haine",1995
"Rushmore",1999
"28 Weeks Later",2007
"Blazing Saddles",1974
"King Kong",2005
"Jumanji",1995
"Misery",1990
"Remember the Titans",2000
"Mean Girls",2004
"Young Frankenstein",1974
"Indiana Jones and the Temple of Doom",1984
"Back to the Future Part II",1989
"The Bourne Ultimatum",2007
"Prince of Darkness",1987
"Zebraman",2004
"The Emperor's New Groove",2000
"Harry Potter and the Half-Blood Prince",2009
"Abraham Lincoln: Vampire Hunter",2012
"Skyfall",2012
"The Last Airbender",2010
"Die Hard with a Vengeance",1995
"The Blind Side",2009
"No Country for Old Men",2007
"Back to the Future",1985
"Pulp Fiction",1994
"Fight Club",1999
"Bones",1991
"Prom Night",1980
"The Blob",1958
"Demons",1985
"Opera",1987
"Videodrome",1983
"Army of Darkness",1992
"Titanic",1997
"Indiana Jones and the Last Crusade",1989
"Léon: The Professional",1994
"Saving Private Ryan",1998
"The George McKenna Story",1986
"American Gangster",2007
"Gangs of New York",2002
"Shutter Island",2010
"Goodfellas",1990
"The Pelican Brief",1993
"Philadelphia",1993
"Safe House",2012
"Kicking & Screaming",2005
"Crank",2006
"Cold Sweat",1970
"Boy",2010
"2012",2009
"Maximum Risk",1996
"For a Few Dollars More",1965
"Her",2013
"Wake in Fright",1971
"Crimson Tide",1995
"Rambo: Last Blood",2019
"Godzilla",1954
"A Fistful of Dollars",1964
"Phenomena",1985
"Deja Vu",2006
"Virtuosity",1995
"Somewhere",2010
"Second in Command",2006
"Hard Target",1993
"Kill, Baby... Kill!",1970
"The Man from Nowhere",2010
"Man on Fire",2004
"Jurassic Park III",2001
"Men in Black II",2002
"Men in Black",1997
"eXistenZ",1999
"Mr. Popper's Penguins",2011
"The Mummy",1932
"Prisoners of the Ghostland",2021
"Bangkok Dangerous",2008
"The Sorcerer's Apprentice",2010
"Adaptation.",2002
"Pig",2021
"Machete",2010
"Taken 2",2012
"The Cat o' Nine Tails",1971
"Inferno",1980
"The World's End",2013
"Street Law",1974
"Hara-Kiri: Death of a Samurai",2011
"The Game",1997
"Suspiria",1977
"I Love You Phillip Morris",2010
"Fun with Dick and Jane",2005
"Nacho Libre",2006
"Annie",1982
"Saturday Night Fever",1977
"Bend It Like Beckham",2002
"Twister",1996
"Deep Red",1975
"Blood and Black Lace",1964
"American History X",1998
"Bambi",1942
"Willow",1988
"The Lost World: Jurassic Park",1997
"House on Haunted Hill",1959
"Cockfighter",2013
"The Shooting",1968
"The Bird with the Crystal Plumage",1970
"Halloween",1978
"Milk",2008
"The Delta Force",1986
"Piranha",1978
"Coffy",1973
"Foxy Brown",1974
"'Sheba, Baby'",1976
"Cheaper by the Dozen",2003
"The Wedding Singer",1998
"50 First Dates",2004
"The Long Goodbye",1973
"Commando",1985
"The Expendables 3",2014
"The Expendables 2",2012
"A Chinese Ghost Story",1987
"Once Upon a Time in China",1991
"Grey Gardens",1976
"Rollerball",1975
"Flubber",1997
"The Parent Trap",1961
"Serial Mom",1994
"Shaft",2000
"Jesus Camp",2006
"Osmosis Jones",2001
"Die Another Day",2002
"Blast from the Past",1999
"Tenacious D in the Pick of Destiny",2006
"Audition",2000
"Demolition Man",1993
"Punch-Drunk Love",2002
"The Day After Tomorrow",2004
"The Good, the Bad and the Ugly",1966
"Under Siege",1992
"Mars Attacks!",1996
"I Am Sam",2002
"Violent Cop",1989
"Hunt for the Wilderpeople",2016
"The Iron Giant",1999
"Fantastic Mr. Fox",2009
"Gattaca",1997
"Harry Potter and the Deathly Hallows: Part 2",2011
"Speed",1994
"Minority Report",2002
"Dave Chappelle: Sticks & Stones",2019
"The Fog",1980
"2046",2004
"Night of the Living Dead",1968
"Dawn of the Dead",2004
"Doctor Dolittle",1998
"Real Life",1979
"Drive",2011
"High Crime",1973
"The American",2010
"Harry Potter and the Deathly Hallows: Part 1",2010
"Harry Potter and the Goblet of Fire",2005
"Arrival",2016
"Mad Max: Fury Road",2015
"Finding Nemo",2003
"Monsters, Inc.",2001
"Toy Story",1995
"Valley Girl",1983
"Black Sunday",1960
"Django",1966
"Ichi the Killer",2001
"Jiro Dreams of Sushi",2012
"Nosferatu: A Symphony of Horror",1922
"Army of the Dead",2021
"Cloverfield",2008
"Natural Born Killers",1994
"High Fidelity",2000
"The Girl with the Dragon Tattoo",2009
"Transformers",2007
"Tombstone",1993
"Office Space",1999
"Cast Away",2000
"Harry Potter and the Order of the Phoenix",2007
"Ready Player One",2018
"Ratatouille",2007
"Die Hard",1988
"Hail, Caesar!",2016
"Raising Arizona",1987
"Boogie Nights",1997
"Machine-Gun Kelly",1960
"The Immigrant",1917
"Black Sabbath",1963
"Blow Out",1981
"Beauty and the Beast",1991
"The Truman Show",1998
"Practical Magic",1998
"The Cable Guy",1996
"Moonstruck",1987
"Risky Business",1983
"My Big Fat Greek Wedding",2002
"Fantastic Planet",1973
"Deep Impact",1998
"Honey, I Shrunk the Kids",1989
"Last Action Hero",1993
"Van Helsing",2004
"Gone in 60 Seconds",2000
"GoldenEye",1995
"Layer Cake",2004
"Planes, Trains & Automobiles",1987
"The Blues Brothers",1980
"True Lies",1994
"Grease",1978
"Lethal Weapon",1987
"The Host",2006
"Starman",1984
"Once Upon a Time in Mexico",2003
"Mr. Majestyk",1974
"The Manchurian Candidate",2004
"Muriel's Wedding",1994
"Crime Story",1993
"Suburbia",1984
"In Bruges",2008
"Requiem for a Dream",2000
"Cold Pursuit",2019
"Bad Trip",2021
"King of New York",1990
"Babel",2006
"True Romance",1993
"Army of One",2016
"Dudes",1988
"The Trust",2016
"The Paper Tigers",2021
"No Regrets for Our Youth",1946
"Late Spring",1949
"The Human Condition II: Road to Eternity",1959
"The Human Condition III: A Soldier's Prayer",1961
"The Human Condition I: No Greater Love",1959
"Ikiru",1952
"The Hitchhiker's Guide to the Galaxy",2005
"Ran",1985
"Fast Times at Ridgemont High",1982
"John Wick: Chapter 2",2017
"Jurassic Park",1993
"National Treasure: Book of Secrets",2007
"Bad Lieutenant",1992
"The Brood",1979
"Pleasantville",1998
"El Mariachi",1993
"Mad Max Beyond Thunderdome",1985
"Death Race 2000",1976
"Up in Smoke",1978
"Scanners",1981
"Samurai II: Duel at Ichijoji Temple",1955
"Samurai III: Duel at Ganryu Island",1956
"Samurai I: Musashi Miyamoto",1954
"Hubie Halloween",2020
"Bronson",2009
"Locke",2014
"Ace Ventura: When Nature Calls",1995
"Ace Ventura: Pet Detective",1994
"Sleepy Hollow",1999
"Big Daddy",1999
"Time Bandits",1981
"Close Encounters of the Third Kind",1977
"The Mask",1994
"Charlie's Angels",2000
"Headshot",2016
"The Quake",2018
"The Wave",2015
"Sleepless in Seattle",1993
"Hot Rod",2007
"Gladiator",2000
"Starship Troopers",1997
"Bewitched",2005
"Hot Tub Time Machine",2010
"The Running Man",1987
"The Rock",1996
"Evil Dead II",1987
"The Evil Dead",1983
"The Addams Family",2019
"Ong-Bak: The Thai Warrior",2003
"Ong Bak 2",2008
"Man of Tai Chi",2013
"Stuber",2019
"Apostle",2018
"Carrie",2002
"Merantau",2009
"The Raid 2",2014
"The Raid: Redemption",2012
"Repo Man",1984
"The Monster Squad",1987
"An American Werewolf in London",1981
"Bill & Ted's Excellent Adventure",1989
"Fright Night",2011
"Attack the Block",2011
"Vampires vs. the Bronx",2020
"Diego Maradona",2019
"Freaky Friday",2003
"Friday",1995
"Knockabout",1979
"Triple Threat",2019
"The Protector",2005
"In the Line of Duty IV",1989
"Shaolin Soccer",2001
"Mile 22",2018
"Charlie and the Chocolate Factory",2005
"Chocolate",2008
"Kung Fu Killer",2008
"Dragon Tiger Gate",2006
"Master Z: The Ip Man Legacy",2018
"Addams Family Values",1993
"Taste of Cherry",1997
"Buffalo Bill and the Indians, or Sitting Bull's History Lesson",1976
"California Split",1975
"McCabe & Mrs. Miller",1971
"The Player",1992
"Hard Eight",1996
"The Craft",1996
"Babe",1995
"Lethal Weapon 3",1992
"Le Samouraï",1967
"Mean Streets",1973
"Tommy Boy",1995
"The Parent Trap",1998
"The Mummy Returns",2001
"A Christmas Story",1983
"Battle Royale",2000
"Beverly Hills Cop",1984
"The Jungle Book",1967
"When Harry Met Sally...",1989
"Lilo & Stitch",2002
"The Killing of a Chinese Bookie",1976
"The Lord of the Rings: The Return of the King",2003
"Moscow on the Hudson",1984
"The Long Kiss Goodnight",1996
"Beetlejuice",1988
"Snakes on a Plane",2006
"Star Wars: The Clone Wars",2008
"xXx: Return of Xander Cage",2017
"Black Snake Moan",2007
"Jiu Jitsu",2020
"Stolen",2012
"Primal",2019
"Vampire's Kiss",1989
"Ghost Rider: Spirit of Vengeance",2012
"The Weather Man",2005
"The Frozen Ground",2013
"Willy's Wonderland",2021
"Snake Eyes",1998
"Ghost Rider",2007
"Joe",2014
"Lord of War",2005
"Weekend",1967
"Breathless",1960
"Battleship Potemkin",1926
"The Tuxedo",2002
"Around the World in 80 Days",2004
"Rush Hour 3",2007
"The Karate Kid",2010
"The Hidden Fortress",1958
"Throne of Blood",1957
"Yojimbo",1961
"Bad Lieutenant: Port of Call New Orleans",2009
"Nosferatu the Vampyre",1979
"Fitzcarraldo",1982
"Aguirre, the Wrath of God",1974
"Even Dwarfs Started Small",1971
"Into the Inferno",2016
"Cobra Verde",1988
"Lady Snowblood 2: Love Song of Vengeance",1974
"Lady Snowblood",1973
"Creed II",2018
"Creed",2015
"Rocky V",1990
"Rocky III",1982
"Kill Zone 2",2015
"Get the Gringo",2012
"Death Race",2008
"The Legend of Zorro",2005
"Keoma",1976
"13 Assassins",2010
"Ong Bak 3",2010
"Flash Point",2007
"Missing in Action",1984
"The 36th Chamber of Shaolin",1978
"The Protector",1985
"The Protector 2",2013
"A Force of One",1979
"Disciples of the 36th Chamber",1985
"Return to the 36th Chamber",1980
"Battle Creek Brawl",1980
"Lone Wolf McQuade",1983
"Police Story",1985
"Wheels on Meals",1984
"Kill Zone",2005
"Project A",1983
"Hero",2002
"The Grandmaster",2013
"Happy Together",1997
"Windtalkers",2002
"Mission: Impossible II",2000
"Jackass Number Two",2006
"Jackass: The Movie",2002
"Assault on Precinct 13",1976
"Re-Animator",1985
"Zeitgeist",2007
"Teenage Mutant Ninja Turtles",1990
"The Dead Zone",1983
"Lethal Weapon 4",1998
"Sympathy for Mr. Vengeance",2002
"Candyman",1992
"Little Shop of Horrors",1986
"The SpongeBob SquarePants Movie",2004
"Holes",2003
"You've Got Mail",1998
"Funny Games",1997
"Bad Boys",1995
"WarGames",1983
"They Live",1988
"The Thin Red Line",1998
"Hellboy",2004
"National Lampoon's Christmas Vacation",1989
"Blade",1998
"The Matrix Revolutions",2003
"Sunshine",2007
"Raging Bull",1980
"Aladdin",1992
"Toy Story 2",1999
"Monty Python and the Holy Grail",1975
"Casino Royale",2006
"Pan's Labyrinth",2006
"The Lord of the Rings: The Fellowship of the Ring",2001
"Elf",2003
"Stargate",1994
"Rush Hour",1998
"Home Alone 2: Lost in New York",1992
"Enemy at the Gates",2001
"A Bug's Life",1998
"Tropic Thunder",2008
"Scream",1996
"Solo: A Star Wars Story",2018
"Ted",2012
"RoboCop",1987
"Inside Man",2006
"Les Misérables",2012
"Uncut Gems",2019
"Monsters University",2013
"Little Miss Sunshine",2006
"Shrek 2",2004
"Mission: Impossible - Ghost Protocol",2011
"John Wick: Chapter 3 - Parabellum",2019
"The Last Samurai",2003
"28 Days Later",2002
"Harry Potter and the Sorcerer's Stone",2001
"My Neighbor Totoro",1988
"Jackie Brown",1997
"Mulholland Drive",2001
"The Last of the Mohicans",1992
"Enter the Ninja",1981
"Black Eagle",1988
"Universal Soldier: The Return",1999
"The Bouncer",2018
"Double Team",1997
"Street Fighter",1994
"Universal Soldier: Day of Reckoning",2012
"Double Impact",1991
"Sudden Death",1995
"The Last Mercenary",2021
"Lionheart",1990
"JCVD",2008
"Universal Soldier",1992
"The Straight Story",1999
"Eraserhead",1978
"Furie",2019
"Game of Death",1978
"The Big Boss",1971
"Fist of Fury",1972
"The Way of the Dragon",1972
"Dragon: The Bruce Lee Story",1993
"Zu: Warriors from the Magic Mountain",1983
"Iron Monkey",1993
"City of Angels",1998
"Wings of Desire",1987
"A Chinese Ghost Story: The Tsui Hark Animation",1997
"Twin Peaks: Fire Walk with Me",1992
"Ip Man 2",2010
"Pearl Harbor",2001
"Miss Congeniality",2000
"Between Two Ferns: The Movie",2019
"Scary Movie",2000
"Saw II",2005
"Bad Boys II",2003
"Air Force One",1997
"Zoolander",2001
"Lady Vengeance",2005
"Tokyo Story",1953
"Enter the Dragon",1973
"Rocky IV",1985
"The Mask of Zorro",1998
"An American Pickle",2020
"Burning",2018
"Rocky Balboa",2006
"Defiance",2008
"The Last Emperor",1987
"Hocus Pocus",1993
"Rush Hour 2",2001
"The Village",2004
"Blade II",2002
"The Hangover Part II",2011
"The Expendables",2010
"Dune",1984
"Crimson Peak",2015
"The Addams Family",1991
"Super Troopers",2002
"Leaving Las Vegas",1995
"We Were Soldiers",2002
"Terminator 3: Rise of the Machines",2003
"Blood Simple",1985
"Pocahontas",1995
"The Interview",2014
"Black Mirror: Bandersnatch",2018
"Vacation",1983
"Disturbia",2007
"Unknown",2011
"The Polar Express",2004
"Legally Blonde",2001
"Escape from New York",1981
"Talladega Nights: The Ballad of Ricky Bobby",2006
"Dolemite Is My Name",2019
"Escape from Alcatraz",1979
"Infernal Affairs",2002
"Highlander",1986
"Rocky II",1979
"Ocean's Twelve",2004
"Lethal Weapon 2",1989
"Austin Powers: The Spy Who Shagged Me",1999
"Pineapple Express",2008
"Fantasia",1941
"Terminator Salvation",2009
"Kung Fu Hustle",2004
"Midnight Run",1988
"Peter Pan",1953
"Lady and the Tramp",1955
"Ice Age: The Meltdown",2006
"Mad Max",1979
"Yes Man",2008
"Angels & Demons",2009
"Mission: Impossible III",2006
"Bright",2017
"Dodgeball: A True Underdog Story",2004
"Neon Genesis Evangelion: The End of Evangelion",2019
"Desperado",1995
"Ocean's Thirteen",2007
"Night at the Museum",2006
"Contagion",2011
"The Road",2009
"Mrs. Doubtfire",1993
"Hellboy II: The Golden Army",2008
"Good Time",2017
"Only Lovers Left Alive",2013
"Armageddon",1998
"The Master",2012
"Thelma & Louise",1991
"Bruce Almighty",2003
"Signs",2002
"Paris, Texas",1984
"The Insider",1999
"Jerry Maguire",1996
"The Color of Friendship",2000
"The Peanut Butter Falcon",2019
"School of Rock",2003
"The Road Warrior",1981
"Point Break",1991
"Die Hard 2",1990
"Ponyo",2008
"Ghostbusters",2016
"Austin Powers: International Man of Mystery",1997
"National Treasure",2004
"In the Mood for Love",2000
"Chef",2014
"Constantine",2005
"Kiki's Delivery Service",1989
"Borat",2006
"Gremlins",1984
"The Da Vinci Code",2006
"Master of the Flying Guillotine",1976
"Amores Perros",2000
"Tarzan",1999
"Face/Off",1997
"Klaus",2019
"Clerks",1994
"Metropolis",1927
"The Chronicles of Narnia: The Lion, the Witch and the Wardrobe",2005
"The Sandlot",1993
"Star Wars: Episode IX - The Rise of Skywalker",2019
"Stranger Than Fiction",2006
"Star Wars: Episode II - Attack of the Clones",2002
"American Pie",1999
"The Karate Kid",1984
"Rashomon",1950
"Space Jam",1996
"Mission: Impossible",1996
"Kung Fu Panda 2",2011
"Star Wars: Episode I - The Phantom Menace",1999
"Fear and Loathing in Las Vegas",1998
"El Camino",2019
"Persona",1966
"The Cabin in the Woods",2012
"Ip Man",2008
"War Dogs",2016
"The Mummy",1999
"Dog Day Afternoon",1975
"Ghost in the Shell",1995
"From Dusk Till Dawn",1996
"Being John Malkovich",1999
"Dumb and Dumber",1994
"The 40-Year-Old Virgin",2005
"Apocalypto",2006
"World War Z",2013
"Mission: Impossible - Rogue Nation",2015
"Planet of the Apes",1968
"The Sound of Music",1965
"Isle of Dogs",2018
"Collateral",2004
"Hotel Rwanda",2004
"The Wrestler",2008
"The Fugitive",1993
"Magnolia",1999
"Mulan",1998
"Platoon",1986
"Snowpiercer",2013
"Pirates of the Caribbean: At World's End",2007
"Total Recall",1990
"Training Day",2001
"Saw",2004
"Ant-Man and the Wasp",2018
"The Matrix Reloaded",2003
"Akira",1988
"Train to Busan",2016
"50/50",2011
"Independence Day",1996
"Black Hawk Down",2002
"Zodiac",2007
"Mission: Impossible - Fallout",2018
"Home Alone",1990
"Incredibles 2",2018
"Kung Fu Panda",2008
"Predator",1987
"Once Upon a Time in America",1984
"E.T. the Extra-Terrestrial",1982
"Kick-Ass",2010
"Rocky",1976
"Ant-Man",2015
"Seven Samurai",1954
"Amélie",2001
"The Night Comes for Us",2018
"Bicycle Thieves",1948
"Taxi Driver",1976
"Kill Chain",2019
"Kill!",1968
"The Last Outlaw",1993
"The Ice Road",2021
"Dead Man Down",2013
"The Exorcist",1973
"Love Actually",2003
"The Wizard of Oz",1939
"Star Wars: Episode VIII - The Last Jedi",2017
"Ferris Bueller's Day Off",1986
"I Am Legend",2007
"I, Robot",2004
"Late Autumn",1960
"The Shape of Water",2017
"The Terminal",2004
"The Goonies",1985
"Scott Pilgrim vs. the World",2010
"Citizen Kane",1941
"It",2017
"Ice Age",2002
"Midnight in Paris",2011
"Superbad",2007
"Once Upon a Time in the West",1968
"The Nightmare Before Christmas",1993
"Ocean's Eleven",2001
"Watchmen",2009
"Star Wars: Episode III - Revenge of the Sith",2005
"The Hangover",2009
"Rain Man",1988
"Princess Mononoke",1997
"John Wick",2014
"The Hunger Games",2012
"Harry Potter and the Chamber of Secrets",2002
"The Girl with the Dragon Tattoo",2011
"The Woodsman",2004
"The Princess Bride",1987
"Trainspotting",1996
"Black Panther",2018
"There Will Be Blood",2007
"Gran Torino",2008
"The Hateful Eight",2015
"Eurovision Song Contest: The Story of Fire Saga",2020
"Donnie Darko",2001
"Taken",2008
"A Quiet Place",2018
"Into the Wild",2007
"Dunkirk",2017
"Jaws",1975
"Fargo",1996
"Rogue One: A Star Wars Story",2016
"Shrek",2001
"Harry Potter and the Prisoner of Azkaban",2004
"Blade Runner",1982
"The Incredibles",2004
"Star Wars: Episode VII - The Force Awakens",2015
"The Sixth Sense",1999
"Thor: Ragnarok",2017
"The Terminator",1984
"Onibaba",1964
"The Big Lebowski",1998
"Pirates of the Caribbean: The Curse of the Black Pearl",2003
"Avatar",2009
"Aliens",1986
"V for Vendetta",2005
"One Flew Over the Cuckoo's Nest",1975
"Reservoir Dogs",1992
"Catch Me If You Can",2002
"Snatch",2000
"Star Wars: Episode VI - Return of the Jedi",1983
"The Shining",1980
"Spirited Away",2001
"Borat Subsequent Moviefilm",2020
"Memento",2000
"The Avengers",2012
"Parasite",2019
"Alien",1979
"Star Wars: Episode IV - A New Hope",1977
"Star Wars: Episode V - The Empire Strikes Back",1980
"Terminator 2: Judgment Day",1991
"The Silence of the Lambs",1991
"The Lion King",1994
"Joker",2019
"The Departed",2006
"Django Unchained",2012
"Avengers: Infinity War",2018
"Avengers: Endgame",2019
"The Lord of the Rings: The Two Towers",2002
"The Matrix",1999
"The Ballad of Buster Scruggs",2018
"Okja",2017
"Inception",2010
"The Shawshank Redemption",1994
"Roma",2018
"The Irishman",2019
"Howl's Moving Castle",2004